--
-- PostgreSQL database dump
--

-- Dumped from database version 10.4
-- Dumped by pg_dump version 10.4

SET statement_timeout = 0;
SET lock_timeout = 0;
SET idle_in_transaction_session_timeout = 0;
SET client_encoding = 'UTF8';
SET standard_conforming_strings = on;
SELECT pg_catalog.set_config('search_path', '', false);
SET check_function_bodies = false;
SET client_min_messages = warning;
SET row_security = off;

--
-- Name: plpgsql; Type: EXTENSION; Schema: -; Owner: 
--

CREATE EXTENSION IF NOT EXISTS plpgsql WITH SCHEMA pg_catalog;


--
-- Name: EXTENSION plpgsql; Type: COMMENT; Schema: -; Owner: 
--

COMMENT ON EXTENSION plpgsql IS 'PL/pgSQL procedural language';


SET default_tablespace = '';

SET default_with_oids = false;

--
-- Name: ar_internal_metadata; Type: TABLE; Schema: public; Owner: micael
--

CREATE TABLE public.ar_internal_metadata (
    key character varying NOT NULL,
    value character varying,
    created_at timestamp without time zone NOT NULL,
    updated_at timestamp without time zone NOT NULL
);


ALTER TABLE public.ar_internal_metadata OWNER TO micael;

--
-- Name: posts; Type: TABLE; Schema: public; Owner: micael
--

CREATE TABLE public.posts (
    id bigint NOT NULL,
    user_id bigint,
    content text,
    created_at timestamp without time zone NOT NULL,
    updated_at timestamp without time zone NOT NULL,
    city character varying,
    country character varying,
    lat double precision,
    lon double precision,
    weather_description character varying,
    weather_brief character varying,
    temp integer
);


ALTER TABLE public.posts OWNER TO micael;

--
-- Name: posts_id_seq; Type: SEQUENCE; Schema: public; Owner: micael
--

CREATE SEQUENCE public.posts_id_seq
    START WITH 1
    INCREMENT BY 1
    NO MINVALUE
    NO MAXVALUE
    CACHE 1;


ALTER TABLE public.posts_id_seq OWNER TO micael;

--
-- Name: posts_id_seq; Type: SEQUENCE OWNED BY; Schema: public; Owner: micael
--

ALTER SEQUENCE public.posts_id_seq OWNED BY public.posts.id;


--
-- Name: schema_migrations; Type: TABLE; Schema: public; Owner: micael
--

CREATE TABLE public.schema_migrations (
    version character varying NOT NULL
);


ALTER TABLE public.schema_migrations OWNER TO micael;

--
-- Name: users; Type: TABLE; Schema: public; Owner: micael
--

CREATE TABLE public.users (
    id bigint NOT NULL,
    username character varying,
    password_digest character varying,
    created_at timestamp without time zone NOT NULL,
    updated_at timestamp without time zone NOT NULL
);


ALTER TABLE public.users OWNER TO micael;

--
-- Name: users_id_seq; Type: SEQUENCE; Schema: public; Owner: micael
--

CREATE SEQUENCE public.users_id_seq
    START WITH 1
    INCREMENT BY 1
    NO MINVALUE
    NO MAXVALUE
    CACHE 1;


ALTER TABLE public.users_id_seq OWNER TO micael;

--
-- Name: users_id_seq; Type: SEQUENCE OWNED BY; Schema: public; Owner: micael
--

ALTER SEQUENCE public.users_id_seq OWNED BY public.users.id;


--
-- Name: weathers; Type: TABLE; Schema: public; Owner: micael
--

CREATE TABLE public.weathers (
    id bigint NOT NULL,
    post_id bigint,
    city character varying,
    country character varying,
    lat double precision,
    lon double precision,
    description character varying,
    brief character varying,
    created_at timestamp without time zone NOT NULL,
    updated_at timestamp without time zone NOT NULL
);


ALTER TABLE public.weathers OWNER TO micael;

--
-- Name: weathers_id_seq; Type: SEQUENCE; Schema: public; Owner: micael
--

CREATE SEQUENCE public.weathers_id_seq
    START WITH 1
    INCREMENT BY 1
    NO MINVALUE
    NO MAXVALUE
    CACHE 1;


ALTER TABLE public.weathers_id_seq OWNER TO micael;

--
-- Name: weathers_id_seq; Type: SEQUENCE OWNED BY; Schema: public; Owner: micael
--

ALTER SEQUENCE public.weathers_id_seq OWNED BY public.weathers.id;


--
-- Name: posts id; Type: DEFAULT; Schema: public; Owner: micael
--

ALTER TABLE ONLY public.posts ALTER COLUMN id SET DEFAULT nextval('public.posts_id_seq'::regclass);


--
-- Name: users id; Type: DEFAULT; Schema: public; Owner: micael
--

ALTER TABLE ONLY public.users ALTER COLUMN id SET DEFAULT nextval('public.users_id_seq'::regclass);


--
-- Name: weathers id; Type: DEFAULT; Schema: public; Owner: micael
--

ALTER TABLE ONLY public.weathers ALTER COLUMN id SET DEFAULT nextval('public.weathers_id_seq'::regclass);


--
-- Data for Name: ar_internal_metadata; Type: TABLE DATA; Schema: public; Owner: micael
--

COPY public.ar_internal_metadata (key, value, created_at, updated_at) FROM stdin;
environment	development	2018-11-01 01:04:13.454144	2018-11-01 01:04:13.454144
\.


--
-- Data for Name: posts; Type: TABLE DATA; Schema: public; Owner: micael
--

COPY public.posts (id, user_id, content, created_at, updated_at, city, country, lat, lon, weather_description, weather_brief, temp) FROM stdin;
1	2	omg	2018-11-02 00:56:08.141965	2018-11-02 00:56:08.141965	\N	\N	\N	\N	\N	\N	\N
2	1	Post0	2018-11-03 04:28:33.359269	2018-11-03 04:28:33.359269	\N	\N	\N	\N	\N	\N	\N
3	2	Post1	2018-11-03 04:33:41.880654	2018-11-03 04:33:41.880654	\N	\N	\N	\N	\N	\N	\N
4	1	omg	2018-11-05 04:27:29.959257	2018-11-05 04:27:29.959257	\N	\N	\N	\N	\N	\N	\N
5	3	1241	2018-11-05 08:27:25.14444	2018-11-05 08:27:25.14444	East Melbourne	AU	-37.8200000000000003	144.990000000000009	scattered clouds	Clouds	300
6	3	1242421	2018-11-05 08:27:43.208462	2018-11-05 08:27:43.208462	East Melbourne	AU	-37.8200000000000003	144.990000000000009	scattered clouds	Clouds	300
7	3	12314	2018-11-05 08:31:24.919023	2018-11-05 08:31:24.919023	East Melbourne	AU	-37.8200000000000003	144.990000000000009	scattered clouds	Clouds	300
8	3	1231242	2018-11-05 08:32:51.518298	2018-11-05 08:32:51.518298	East Melbourne	AU	-37.8200000000000003	144.990000000000009	scattered clouds	Clouds	300
9	3	4214124	2018-11-05 08:33:33.924381	2018-11-05 08:33:33.924381	East Melbourne	AU	-37.8200000000000003	144.990000000000009	scattered clouds	Clouds	300
10	3	231321	2018-11-05 08:41:41.993447	2018-11-05 08:41:41.993447	Earth	\N	0	0	scattered clouds	Clouds	299
11	3	23132114214	2018-11-05 08:42:00.747993	2018-11-05 08:42:00.747993	Earth	\N	0	0	scattered clouds	Clouds	299
12	3	231312	2018-11-05 08:42:32.491584	2018-11-05 08:42:32.491584	Earth	\N	0	0	scattered clouds	Clouds	299
13	3	312213	2018-11-05 08:42:49.146329	2018-11-05 08:42:49.146329	Earth	\N	0	0	scattered clouds	Clouds	299
14	3	312213	2018-11-05 08:43:27.95141	2018-11-05 08:43:27.95141	Earth	\N	0	0	scattered clouds	Clouds	299
15	3	31221332131	2018-11-05 08:43:32.397786	2018-11-05 08:43:32.397786	Earth	\N	0	0	scattered clouds	Clouds	299
16	3	dasda	2018-11-05 08:45:18.326101	2018-11-05 08:45:18.326101	East Melbourne	AU	-37.8200000000000003	144.990000000000009	scattered clouds	Clouds	300
17	3	4214214	2018-11-05 08:45:39.470131	2018-11-05 08:45:39.470131	East Melbourne	AU	-37.8200000000000003	144.990000000000009	scattered clouds	Clouds	300
18	3	dasda	2018-11-05 09:03:08.145486	2018-11-05 09:03:08.145486	East Melbourne	AU	-37.8200000000000003	144.990000000000009	clear sky	Clear	297
19	3	is this working?	2018-11-05 09:03:26.651334	2018-11-05 09:03:26.651334	East Melbourne	AU	-37.8200000000000003	144.990000000000009	clear sky	Clear	297
20	3	work please	2018-11-05 09:04:49.131486	2018-11-05 09:04:49.131486	East Melbourne	AU	-37.8200000000000003	144.990000000000009	clear sky	Clear	297
21	3	does this work	2018-11-05 09:05:35.561126	2018-11-05 09:05:35.561126	East Melbourne	AU	-37.8200000000000003	144.990000000000009	clear sky	Clear	297
22	3	is it working	2018-11-05 09:06:46.416653	2018-11-05 09:06:46.416653	East Melbourne	AU	-37.8200000000000003	144.990000000000009	clear sky	Clear	297
23	3	woooork	2018-11-05 09:09:03.78723	2018-11-05 09:09:03.78723	East Melbourne	AU	-37.8200000000000003	144.990000000000009	clear sky	Clear	297
\.


--
-- Data for Name: schema_migrations; Type: TABLE DATA; Schema: public; Owner: micael
--

COPY public.schema_migrations (version) FROM stdin;
20181101004841
20181101010121
20181101010242
20181104090944
20181105051212
20181105054815
20181105080357
\.


--
-- Data for Name: users; Type: TABLE DATA; Schema: public; Owner: micael
--

COPY public.users (id, username, password_digest, created_at, updated_at) FROM stdin;
1	testUser	$2a$10$Jv3QkkdNq76D1ywu6VjuKuU9AD0DwVRT1rpeV9XEivLIIWA84r/0S	2018-11-01 23:43:25.536396	2018-11-01 23:43:25.536396
2	name	$2a$10$.1kw4ObVblIUwtqBI7zIy.Oqpd5AdH6C5Do4d4J4qHgoV9C8pe.Km	2018-11-01 23:44:20.129324	2018-11-01 23:44:20.129324
3	aaa	$2a$10$30KO0EsmhoZebzQz8RTWYOdtSuSK91CyT3c4887RTKq2vOGNozhe2	2018-11-02 12:42:34.342504	2018-11-02 12:42:34.342504
4	bbb	$2a$10$dG9N9frJLKAyQVAi4UQO8OwIWxfx6TLjNViXwyWtrEc9F9XyQmdBC	2018-11-03 08:00:04.062945	2018-11-03 08:00:04.062945
5	aa	$2a$10$qfqRpvVMfL78QgqC8MdzreVQIhUykfcjFqcvVG2/nnFYoT2cSs.q6	2018-11-04 08:53:20.83388	2018-11-04 08:53:20.83388
\.


--
-- Data for Name: weathers; Type: TABLE DATA; Schema: public; Owner: micael
--

COPY public.weathers (id, post_id, city, country, lat, lon, description, brief, created_at, updated_at) FROM stdin;
\.


--
-- Name: posts_id_seq; Type: SEQUENCE SET; Schema: public; Owner: micael
--

SELECT pg_catalog.setval('public.posts_id_seq', 23, true);


--
-- Name: users_id_seq; Type: SEQUENCE SET; Schema: public; Owner: micael
--

SELECT pg_catalog.setval('public.users_id_seq', 5, true);


--
-- Name: weathers_id_seq; Type: SEQUENCE SET; Schema: public; Owner: micael
--

SELECT pg_catalog.setval('public.weathers_id_seq', 1, false);


--
-- Name: ar_internal_metadata ar_internal_metadata_pkey; Type: CONSTRAINT; Schema: public; Owner: micael
--

ALTER TABLE ONLY public.ar_internal_metadata
    ADD CONSTRAINT ar_internal_metadata_pkey PRIMARY KEY (key);


--
-- Name: posts posts_pkey; Type: CONSTRAINT; Schema: public; Owner: micael
--

ALTER TABLE ONLY public.posts
    ADD CONSTRAINT posts_pkey PRIMARY KEY (id);


--
-- Name: schema_migrations schema_migrations_pkey; Type: CONSTRAINT; Schema: public; Owner: micael
--

ALTER TABLE ONLY public.schema_migrations
    ADD CONSTRAINT schema_migrations_pkey PRIMARY KEY (version);


--
-- Name: users users_pkey; Type: CONSTRAINT; Schema: public; Owner: micael
--

ALTER TABLE ONLY public.users
    ADD CONSTRAINT users_pkey PRIMARY KEY (id);


--
-- Name: weathers weathers_pkey; Type: CONSTRAINT; Schema: public; Owner: micael
--

ALTER TABLE ONLY public.weathers
    ADD CONSTRAINT weathers_pkey PRIMARY KEY (id);


--
-- Name: index_posts_on_user_id; Type: INDEX; Schema: public; Owner: micael
--

CREATE INDEX index_posts_on_user_id ON public.posts USING btree (user_id);


--
-- Name: index_weathers_on_post_id; Type: INDEX; Schema: public; Owner: micael
--

CREATE INDEX index_weathers_on_post_id ON public.weathers USING btree (post_id);


--
-- Name: posts fk_rails_5b5ddfd518; Type: FK CONSTRAINT; Schema: public; Owner: micael
--

ALTER TABLE ONLY public.posts
    ADD CONSTRAINT fk_rails_5b5ddfd518 FOREIGN KEY (user_id) REFERENCES public.users(id);


--
-- Name: weathers fk_rails_bfefdea2f7; Type: FK CONSTRAINT; Schema: public; Owner: micael
--

ALTER TABLE ONLY public.weathers
    ADD CONSTRAINT fk_rails_bfefdea2f7 FOREIGN KEY (post_id) REFERENCES public.posts(id);


--
-- PostgreSQL database dump complete
--

